Workbook

Sheet informalidad
A1: AÑO | B1: tasa_informalidad
A2: 1991 | B2: 0.363
A3: 1992 | B3: 0.35
A4: 1993 | B4: 0.358
A5: 1994 | B5: 0.327
A6: 1995 | B6: 0.372
A7: 1996 | B7: 0.395
A8: 1997 | B8: 0.407
A9: 1998 | B9: 0.418
A10: 1999 | B10: 0.421
A11: 2000 | B11: 0.424
A12: 2001 | B12: 0.426
A13: 2002 | B13: 0.486
... A36: 2025 | B36: 0.429

Sheet ipc
A1: Año | B1: ipc
A2: 1991 | B2: 9.5843939
A3: 1992 | B3: 11.2762
A4: 1993 | B4: 12.102278
A5: 1994 | B5: 12.544761
A6: 1995 | B6: 12.758404
A7: 1996 | B7: 12.75769
A8: 1997 | B8: 12.808183
A9: 1998 | B9: 12.884749
A10: 1999 | B10: 12.64128
A11: 2000 | B11: 12.539526
A12: 2001 | B12: 12.364206
A13: 2002 | B13: 17.425723
... A36: 2025 | B36: 10115.671

Sheet pbi
A1: AÑO | B1: pbi_constante
A2: 1991 | B2: 351912181900
A3: 1992 | B3: 379844477800
A4: 1993 | B4: 411018234600
A5: 1994 | B5: 435006083700
A6: 1995 | B6: 422629248800
A7: 1996 | B7: 445986656500
A8: 1997 | B8: 482160842800
A9: 1998 | B9: 500724897600
A10: 1999 | B10: 483773071300
A11: 2000 | B11: 479956106900
A12: 2001 | B12: 458795611600
A13: 2002 | B13: 408812193300
... A35: 2024 | B35: 708130336300
A36: 2025 | B36: 7.3433116e+11

Sheet together
A1: {=+informalidad!A1:B36} -> AÑO | B1: tasa_informalidad | C1: {=+ipc!B1:B36} -> ipc | D1: {=+pbi!B1:B36} -> pbi_constante | E1: var_infor | F1: var_ipc | G1: var_pbi | H1: ln_infor | I1: ln_ipc | J1: ln_pbi | K1: dif_log_infor | L1: dif_log_ipc | M1: dif_log_pbi
A2: 1991 | B2: 0.363 | C2: 9.5843939 | D2: 351912181900 | H2: =+LN(B2) -> -1.0133524 | I2: =+LN(C2) -> 2.2601361 | J2: =+LN(D2) -> 26.586647
A3: 1992 | B3: 0.35 | C3: 11.2762 | D3: 379844477800 | E3: =(B3-B2)/B2 -> -0.035812672 | F3: =+C3/C2-1 -> 0.17651676 | G3: =+D3/D2-1 -> 0.079372916 | H3: =+LN(B3) -> -1.0498221 | I3: =+LN(C3) -> 2.4226943 | J3: =+LN(D3) -> 26.663028 | K3: =+H3-H2 -> -0.03646968 | L3: =+I3-I2 -> 0.16255818 | M3: =+J3-J2 -> 0.076380239
A4: 1993 | B4: 0.358 | C4: 12.102278 | D4: 411018234600 | E4: =(B4-B3)/B3 -> 0.022857143 | F4: =+C4/C3-1 -> 0.073258527 | G4: =+D4/D3-1 -> 0.082069791 | H4: =+LN(B4) -> -1.0272223 | I4: =+LN(C4) -> 2.4933937 | J4: =+LN(D4) -> 26.741903 | K4: =+H4-H3 -> 0.022599832 | L4: =+I4-I3 -> 0.070699374 | M4: =+J4-J3 -> 0.07887568
A5: 1994 | B5: 0.327 | C5: 12.544761 | D5: 435006083700 | E5: =(B5-B4)/B4 -> -0.086592179 | F5: =+C5/C4-1 -> 0.036561936 | G5: =+D5/D4-1 -> 0.058362007 | H5: =+LN(B5) -> -1.1177951 | I5: =+LN(C5) -> 2.5293031 | J5: =+LN(D5) -> 26.798626 | K5: =+H5-H4 -> -0.090572816 | L5: =+I5-I4 -> 0.035909406 | M5: =+J5-J4 -> 0.056722437
A6: 1995 | B6: 0.372 | C6: 12.758404 | D6: 422629248800 | E6: =(B6-B5)/B5 -> 0.13761468 | F6: =+C6/C5-1 -> 0.01703051 | G6: =+D6/D5-1 -> -0.028452096 | H6: =+LN(B6) -> -0.98886142 | I6: =+LN(C6) -> 2.5461902 | J6: =+LN(D6) -> 26.769761 | K6: =+H6-H5 -> 0.12893368 | L6: =+I6-I5 -> 0.016887116 | M6: =+J6-J5 -> -0.028864702
A7: 1996 | B7: 0.395 | C7: 12.75769 | D7: 445986656500 | E7: =(B7-B6)/B6 -> 0.061827957 | F7: =+C7/C6-1 -> -5.5966971e-05 | G7: =+D7/D6-1 -> 0.055266898 | H7: =+LN(B7) -> -0.92886951 | I7: =+LN(C7) -> 2.5461342 | J7: =+LN(D7) -> 26.823555 | K7: =+H7-H6 -> 0.059991911 | L7: =+I7-I6 -> -5.5968537e-05 | M7: =+J7-J6 -> 0.053793719
A8: 1997 | B8: 0.407 | C8: 12.808183 | D8: 482160842800 | E8: =(B8-B7)/B7 -> 0.030379747 | F8: =+C8/C7-1 -> 0.0039578285 | G8: =+D8/D7-1 -> 0.081110468 | H8: =+LN(B8) -> -0.89894209 | I8: =+LN(C8) -> 2.5500843 | J8: =+LN(D8) -> 26.901544 | K8: =+H8-H7 -> 0.029927421 | L8: =+I8-I7 -> 0.0039500169 | M8: =+J8-J7 -> 0.077988724
A9: 1998 | B9: 0.418 | C9: 12.884749 | D9: 500724897600 | E9: =(B9-B8)/B8 -> 0.027027027 | F9: =+C9/C8-1 -> 0.0059778641 | G9: =+D9/D8-1 -> 0.038501789 | H9: =+LN(B9) -> -0.87227385 | I9: =+LN(C9) -> 2.5560443 | J9: =+LN(D9) -> 26.939323 | K9: =+H9-H8 -> 0.026668247 | L9: =+I9-I8 -> 0.0059600676 | M9: =+J9-J8 -> 0.037779087
A10: 1999 | B10: 0.421 | C10: 12.64128 | D10: 483773071300 | E10: =(B10-B9)/B9 -> 0.0071770335 | F10: =+C10/C9-1 -> -0.018895897 | G10: =+D10/D9-1 -> -0.03385457 | H10: =+LN(B10) -> -0.86512245 | I10: =+LN(C10) -> 2.5369676 | J10: =+LN(D10) -> 26.904882 | K10: =+H10-H9 -> 0.0071514012 | L10: =+I10-I9 -> -0.019076706 | M10: =+J10-J9 -> -0.034440908
A11: 2000 | B11: 0.424 | C11: 12.539526 | D11: 479956106900 | E11: =(B11-B10)/B10 -> 0.0071258907 | F11: =+C11/C10-1 -> -0.0080493492 | G11: =+D11/D10-1 -> -0.0078899894 | H11: =+LN(B11) -> -0.85802182 | I11: =+LN(C11) -> 2.5288857 | J11: =+LN(D11) -> 26.89696 | K11: =+H11-H10 -> 0.0071006215 | L11: =+I11-I10 -> -0.0080819201 | M11: =+J11-J10 -> -0.0079212801
A12: 2001 | B12: 0.426 | C12: 12.364206 | D12: 458795611600 | E12: =(B12-B11)/B11 -> 0.0047169811 | F12: =+C12/C11-1 -> -0.013981402 | G12: =+D12/D11-1 -> -0.044088397 | H12: =+LN(B12) -> -0.85331593 | I12: =+LN(C12) -> 2.5148056 | J12: =+LN(D12) -> 26.851871 | K12: =+H12-H11 -> 0.004705891 | L12: =+I12-I11 -> -0.014080062 | M12: =+J12-J11 -> -0.045089836
A13: 2002 | B13: 0.486 | C13: 17.425723 | D13: 408812193300 | E13: =(B13-B12)/B12 -> 0.14084507 | F13: =+C13/C12-1 -> 0.40936862 | G13: =+D13/D12-1 -> -0.10894485 | H13: =+LN(B13) -> -0.72154666 | I13: =+LN(C13) -> 2.8579475 | J13: =+LN(D13) -> 26.736522 | K13: =+H13-H12 -> 0.13176928 | L13: =+I13-I12 -> 0.34314182 | M13: =+J13-J12 -> -0.11534895
A14: 2003 | B14: 0.54 | C14: 18.043561 | D14: 444939093600 | E14: =(B14-B13)/B13 -> 0.11111111 | F14: =+C14/C13-1 -> 0.03545552 | G14: =+D14/D13-1 -> 0.088370408 | H14: =+LN(B14) -> -0.61618614 | I14: =+LN(C14) -> 2.8927889 | J14: =+LN(D14) -> 26.821203 | K14: =+H14-H13 -> 0.10536052 | L14: =+I14-I13 -> 0.034841445 | M14: =+J14-J13 -> 0.084681539
... A36: 2025 | B36: 0.429 | C36: 10115.671 | D36: 7.3433116e+11 | E36: =(B36-B35)/B35 -> 0.026315789 | F36: =+C36/C35-1 -> 0.31735483 | G36: =+D36/D35-1 -> 0.037 | H36: =+LN(B36) -> -0.84629836 | I36: =+LN(C36) -> 9.2218411 | J36: =+LN(D36) -> 27.322226 | K36: =+H36-H35 -> 0.025975486 | L36: =+I36-I35 -> 0.27562581 | M36: =+J36-J35 -> 0.036331929

Sheet elas_infor_pbi
A1: ELASTICIDAD DE LA INFORMALDIAD RESPECTO AL PBI | J1: LI | K1: LS
A2: ano | B2: var_infor | C2: var_pbi | D2: elast | G2: PROMEDIO | H2: =+AVERAGE(D3:D36) -> -0.50744706 | I2: =+_xlfn.STDEV.S(D3:D36) -> 1.6635019 | J2: =H2-I2 -> -2.1709489 | K2: =+H2+I2 -> 1.1560548
A3: {=+informalidad!A3:A36} -> 1992 | B3: {=+together!E3:E36} -> -0.035812672 | C3: {=+together!G3:G36} -> 0.079372916 | D3: =+B3/C3 -> -0.45119512 | G3: PROM AJUST | H3: =+AVERAGE(D3:D5,D7:D13,D15:D31,D35:D36) -> -0.21702738 | I3: =+_xlfn.STDEV.S(D3:D5,D7:D13,D15:D31,D35:D36) -> 0.72222716 | J3: =+H3-I3 -> -0.93925454 | K3: =+H3+I3 -> 0.50519978
A4: 1993 | B4: 0.022857143 | C4: 0.082069791 | D4: =+B4/C4 -> 0.2785086
A5: 1994 | B5: -0.086592179 | C5: 0.058362007 | D5: =+B5/C5 -> -1.483708
A6: 1995 | B6: 0.13761468 | C6: -0.028452096 | D6: =+B6/C6 -> -4.836715
A7: 1996 | B7: 0.061827957 | C7: 0.055266898 | D7: =+B7/C7 -> 1.1187159
A8: 1997 | B8: 0.030379747 | C8: 0.081110468 | D8: =+B8/C8 -> 0.3745478
A9: 1998 | B9: 0.027027027 | C9: 0.038501789 | D9: =+B9/C9 -> 0.70196809
A10: 1999 | B10: 0.0071770335 | C10: -0.03385457 | D10: =+B10/C10 -> -0.211996
A11: 2000 | B11: 0.0071258907 | C11: -0.0078899894 | D11: =+B11/C11 -> -0.90315593
A12: 2001 | B12: 0.0047169811 | C12: -0.044088397 | D12: =+B12/C12 -> -0.10698917
A13: 2002 | B13: 0.14084507 | C13: -0.10894485 | D13: =+B13/C13 -> -1.2928107
A14: 2003 | B14: 0.11111111 | C14: 0.088370408 | D14: =+B14/C14 -> 1.2573339
A15: 2004 | B15: -0.018518519 | C15: 0.090295733 | D15: =+B15/C15 -> -0.20508742
... A36: 2025 | B36: 0.026315789 | C36: 0.037 | D36: =+B36/C36 -> 0.71123755

Sheet var_condicion
A1: variable | B1: estacionariedad
A2: {=+TRANSPOSE(together!B1:M1)} -> tasa_informalidad | B2: NO | C2: =+IF(B2="NO","I(1)","I(0)") -> I(1)
A3: ipc | B3: NO | C3: =+IF(B3="NO","I(1)","I(0)") -> I(1)
A4: pbi_constante | B4: NO | C4: =+IF(B4="NO","I(1)","I(0)") -> I(1)
A5: var_infor | B5: SI | C5: =+IF(B5="NO","I(1)","I(0)") -> I(0)
A6: var_ipc | B6: NO | C6: =+IF(B6="NO","I(1)","I(0)") -> I(1)
A7: var_pbi | B7: SI | C7: =+IF(B7="NO","I(1)","I(0)") -> I(0)
A8: ln_infor | B8: NO | C8: =+IF(B8="NO","I(1)","I(0)") -> I(1)
A9: ln_ipc | B9: NO | C9: =+IF(B9="NO","I(1)","I(0)") -> I(1)
A10: ln_pbi | B10: NO | C10: =+IF(B10="NO","I(1)","I(0)") -> I(1)
A11: dif_log_infor | B11: SI | C11: =+IF(B11="NO","I(1)","I(0)") -> I(0)
A12: dif_log_ipc | B12: SI | C12: =+IF(B12="NO","I(1)","I(0)") -> I(0)
A13: dif_log_pbi | B13: SI | C13: =+IF(B13="NO","I(1)","I(0)") -> I(0)
